{"domains": {"paxshqxkamhkh.com\n": 0.54, "wellsfargo.com": 0.44, "tiktok.com": 0.38, "localhost": 0.6400000000000001, "view.atdmt.com.68029.9528.302br.net\n": 0.54, "ssh-server.example": 0.54, "ntp-server.example": 0.54, "paypal.com": 0.5800000000000001, "": 0.42, "spotify.com": 0.54, "google.com": 0.54, "cloudfront.net": 0.54, "reddit.com": 0.54, "ovp.iris.tv\n": 0.54, "mastercard.com": 0.54, "azure.microsoft.com": 0.54, "twitch.tv": 0.54, "smart-thermostat.local": 0.54, "s3.amazonaws.com": 0.54, "crates.io": 0.44, "registry.npmjs.org": 0.56, "mintrace.com\n": 0.54, "rdp-server.example": 0.54, "mirror.centos.org": 0.54, "sql-server.example": 0.54, "tftp-server.example": 0.5800000000000001, "dropbox.com": 0.54, "github.com": 0.48000000000000004, "smart-tv.local": 0.54, "ns2.ntkrnlpa.info\n": 0.54, "facebook.com": 0.54, "security-camera.local": 0.54, "smart-bulb.local": 0.54, "bank-example.com": 0.48000000000000004, "sip-server.example": 0.54, "apple.com": 0.44, "bs.serving-sys.com.20644.9120.302br.net\n": 0.44, "storage.googleapis.com": 0.54, "zoom.us": 0.54, "worldwidemailer.com\n": 0.54, "ymtracking.com\n": 0.54}, "ips": {"1.1.1.1": 0.48000000000000004, "159.45.93.45": 0.44, "92.223.96.136": 0.38, "127.0.0.1": 0.6800000000000002, "172.217.13.78": 0.54, "198.51.100.5": 0.54, "203.0.113.40": 0.54, "64.4.250.32": 0.5800000000000001, "35.186.224.25": 0.54, "142.250.74.110": 0.54, "13.35.203.38": 0.54, "8.8.8.8": 0.5800000000000001, "151.101.65.140": 0.54, "54.236.124.56": 0.54, "152.195.19.42": 0.54, "13.107.6.175": 0.54, "151.101.66.167": 0.5800000000000001, "192.168.1.120": 0.54, "52.216.177.67": 0.54, "13.32.103.34": 0.44, "104.16.24.35": 0.56, "203.0.113.20": 0.54, "52.3.71.62": 0.54, "203.0.113.30": 0.54, "203.0.113.50": 0.5800000000000001, "162.125.6.1": 0.54, "140.82.121.3": 0.48000000000000004, "8.8.4.4": 0.44, "192.168.1.123": 0.54, "31.13.72.36": 0.54, "192.168.1.121": 0.54, "192.168.1.124": 0.54, "192.168.1.50": 0.48000000000000004, "198.51.100.45": 0.54, "17.253.144.10": 0.44, "38.145.60.21": 0.44, "172.217.17.48": 0.54, "3.235.69.64": 0.54, "13.107.42.14": 0.54}}